{
  "7B-ORM": 0.632622,
  "7B-PA-GRPO": 0.629573
}